video_id,trending_date,title,channel_title,category_id,publish_time,tags,views,likes,dislikes,comment_count,thumbnail_link,comments_disabled,ratings_disabled,video_error_or_removed,description
ADOZggPbXSt,18.19.04,Video RU #000,Channel_49,24,2018-01-20T00:00:00.000Z,tag1|tag2,42179307,320329,30914,73304,https://example.com/thumb.jpg,False,False,False,Descripción del vídeo de muestra.
caPrCReSVwZ,18.15.04,Video RU #001,Channel_25,8,2018-04-24T22:39:00.000Z,tag1|tag2,2776664,107246,3122,483557,https://example.com/thumb.jpg,False,False,False,Descripción del vídeo de muestra.
fRXeeTqICtn,18.08.11,Video RU #002,Channel_33,5,2018-04-14T03:56:00.000Z,tag1|tag2,38525599,1688905,40607,79185,https://example.com/thumb.jpg,False,False,False,Descripción del vídeo de muestra.
dkNovxtDFoU,17.21.04,Video RU #003,Channel_18,28,2017-03-26T21:00:00.000Z,tag1|tag2,27190299,906848,57983,78236,https://example.com/thumb.jpg,False,False,False,Descripción del vídeo de muestra.
ahOVJhhlxVp,17.02.02,Video RU #004,Channel_1,5,2017-01-09T20:46:00.000Z,tag1|tag2,26295071,296149,4514,278833,https://example.com/thumb.jpg,False,False,False,Descripción del vídeo de muestra.
VyPsYviWrxa,18.03.09,Video RU #005,Channel_6,6,2018-08-09T22:20:00.000Z,tag1|tag2,41641050,199602,73502,498792,https://example.com/thumb.jpg,False,False,False,Descripción del vídeo de muestra.
JWGOYraIUfb,17.23.09,Video RU #006,Channel_30,20,2017-06-04T17:07:00.000Z,tag1|tag2,11652655,460408,7358,139175,https://example.com/thumb.jpg,False,False,False,Descripción del vídeo de muestra.
mheeTVkVDZG,18.01.07,Video RU #007,Channel_5,12,2018-01-03T04:35:00.000Z,tag1|tag2,6061028,263339,3948,343837,https://example.com/thumb.jpg,False,False,False,Descripción del vídeo de muestra.
wNlQUVNqLYp,18.23.09,Video RU #008,Channel_12,29,2018-06-01T15:47:00.000Z,tag1|tag2,9735591,923340,55014,115194,https://example.com/thumb.jpg,False,False,False,Descripción del vídeo de muestra.
razMGkMzhmD,18.27.07,Video RU #009,Channel_27,3,2018-01-04T19:05:00.000Z,tag1|tag2,33011795,860480,70191,89145,https://example.com/thumb.jpg,False,False,False,Descripción del vídeo de muestra.
QIjxauvQWWO,17.25.06,Video RU #010,Channel_10,28,2017-01-24T21:08:00.000Z,tag1|tag2,8775629,579943,10138,486304,https://example.com/thumb.jpg,False,False,False,Descripción del vídeo de muestra.
RPpyeidkavW,18.28.07,Video RU #011,Channel_33,10,2018-05-15T16:54:00.000Z,tag1|tag2,33644599,1187202,63456,158487,https://example.com/thumb.jpg,False,False,False,Descripción del vídeo de muestra.
kcLTNCXhrHR,17.08.03,Video RU #012,Channel_39,24,2017-02-28T08:51:00.000Z,tag1|tag2,23959568,344150,46881,135125,https://example.com/thumb.jpg,False,False,False,Descripción del vídeo de muestra.
QNfKzkCByaI,17.13.01,Video RU #013,Channel_15,10,2017-01-26T09:41:00.000Z,tag1|tag2,15172801,708501,88857,308130,https://example.com/thumb.jpg,False,False,False,Descripción del vídeo de muestra.
dAEvbvnOsff,18.28.09,Video RU #014,Channel_3,6,2018-09-26T05:46:00.000Z,tag1|tag2,6164156,338636,48736,163554,https://example.com/thumb.jpg,False,False,False,Descripción del vídeo de muestra.
mbKcFXwQmhL,17.24.11,Video RU #015,Channel_42,28,2017-05-03T23:11:00.000Z,tag1|tag2,33955840,808509,7029,31146,https://example.com/thumb.jpg,False,False,False,Descripción del vídeo de muestra.
xRGVceoWkVy,17.02.03,Video RU #016,Channel_8,8,2017-03-07T03:38:00.000Z,tag1|tag2,7226475,1574309,90521,260747,https://example.com/thumb.jpg,False,False,False,Descripción del vídeo de muestra.
vOfGuWNWJGN,17.27.10,Video RU #017,Channel_4,24,2017-08-25T20:35:00.000Z,tag1|tag2,34096121,542842,13013,305548,https://example.com/thumb.jpg,False,False,False,Descripción del vídeo de muestra.
agkwlBKbVDJ,18.15.11,Video RU #018,Channel_29,17,2018-09-11T11:58:00.000Z,tag1|tag2,282405,990171,18135,409124,https://example.com/thumb.jpg,False,False,False,Descripción del vídeo de muestra.
fvwCAOyRgkE,18.25.10,Video RU #019,Channel_49,19,2018-01-23T07:29:00.000Z,tag1|tag2,42579790,806720,33040,252746,https://example.com/thumb.jpg,False,False,False,Descripción del vídeo de muestra.
lxvSUaPCJLt,18.18.02,Video RU #020,Channel_23,15,2018-01-16T10:53:00.000Z,tag1|tag2,33638073,67013,2030,89480,https://example.com/thumb.jpg,False,False,False,Descripción del vídeo de muestra.
TYiQubZFNCS,18.28.11,Video RU #021,Channel_17,13,2018-05-07T04:13:00.000Z,tag1|tag2,44770125,991190,2711,204413,https://example.com/thumb.jpg,False,False,False,Descripción del vídeo de muestra.
JmSVsMThqMR,18.22.11,Video RU #022,Channel_20,27,2018-06-03T13:39:00.000Z,tag1|tag2,9793644,815523,9628,2813,https://example.com/thumb.jpg,False,False,False,Descripción del vídeo de muestra.
HNUiSKKGTEp,18.07.01,Video RU #023,Channel_19,17,2018-01-12T01:52:00.000Z,tag1|tag2,4476394,463192,3191,5857,https://example.com/thumb.jpg,False,False,False,Descripción del vídeo de muestra.
aScfVtLNLZK,18.24.02,Video RU #024,Channel_26,23,2018-02-20T02:52:00.000Z,tag1|tag2,16496237,485627,87622,455443,https://example.com/thumb.jpg,False,False,False,Descripción del vídeo de muestra.
agNVvNiAQOS,18.10.04,Video RU #025,Channel_8,11,2018-01-03T00:20:00.000Z,tag1|tag2,31756163,518539,72426,177164,https://example.com/thumb.jpg,False,False,False,Descripción del vídeo de muestra.
dxzPgENzfsi,18.25.12,Video RU #026,Channel_41,2,2018-02-05T17:49:00.000Z,tag1|tag2,45110018,1704093,78554,242647,https://example.com/thumb.jpg,False,False,False,Descripción del vídeo de muestra.
OwMZOvyhswb,17.24.04,Video RU #027,Channel_14,2,2017-04-01T04:18:00.000Z,tag1|tag2,33607133,973754,16156,190110,https://example.com/thumb.jpg,False,False,False,Descripción del vídeo de muestra.
lIdfqYBOUpd,18.25.05,Video RU #028,Channel_20,17,2018-04-18T20:48:00.000Z,tag1|tag2,21814587,1480913,60264,352674,https://example.com/thumb.jpg,False,False,False,Descripción del vídeo de muestra.
nNJuhxCRZxw,17.02.07,Video RU #029,Channel_9,1,2017-02-19T05:21:00.000Z,tag1|tag2,29934889,1369816,49546,358689,https://example.com/thumb.jpg,False,False,False,Descripción del vídeo de muestra.
XkCVyJsgUwA,17.16.03,Video RU #030,Channel_31,20,2017-01-28T22:13:00.000Z,tag1|tag2,3547594,853360,88157,364399,https://example.com/thumb.jpg,False,False,False,Descripción del vídeo de muestra.
mcrtmaOJXFh,17.17.05,Video RU #031,Channel_13,19,2017-05-13T18:43:00.000Z,tag1|tag2,28109561,1557513,11084,474878,https://example.com/thumb.jpg,False,False,False,Descripción del vídeo de muestra.
ajIqxMATzrn,18.28.10,Video RU #032,Channel_28,28,2018-08-14T08:49:00.000Z,tag1|tag2,5215667,1231391,92435,452779,https://example.com/thumb.jpg,False,False,False,Descripción del vídeo de muestra.
kuRxkdjXhfN,17.27.04,Video RU #033,Channel_30,27,2017-03-05T05:30:00.000Z,tag1|tag2,24946833,1366767,64337,223808,https://example.com/thumb.jpg,False,False,False,Descripción del vídeo de muestra.
pGCfnCEmtWR,17.04.08,Video RU #034,Channel_38,1,2017-07-06T01:49:00.000Z,tag1|tag2,13963703,1226814,23584,98636,https://example.com/thumb.jpg,False,False,False,Descripción del vídeo de muestra.
eYnJnRdCTxT,17.24.03,Video RU #035,Channel_49,1,2017-02-19T17:00:00.000Z,tag1|tag2,14548040,1691773,10636,210247,https://example.com/thumb.jpg,False,False,False,Descripción del vídeo de muestra.
WpkjRjVtlfQ,17.25.08,Video RU #036,Channel_11,19,2017-01-11T21:00:00.000Z,tag1|tag2,18749016,1642062,58243,227637,https://example.com/thumb.jpg,False,False,False,Descripción del vídeo de muestra.
MNqdTGFZqKl,17.01.09,Video RU #037,Channel_39,8,2017-09-08T18:02:00.000Z,tag1|tag2,8587627,969920,91944,83339,https://example.com/thumb.jpg,False,False,False,Descripción del vídeo de muestra.
QlHpOQdRLxH,18.18.03,Video RU #038,Channel_11,15,2018-01-06T18:07:00.000Z,tag1|tag2,11203791,1160651,84578,159738,https://example.com/thumb.jpg,False,False,False,Descripción del vídeo de muestra.
GtxaSwQvzsv,18.19.04,Video RU #039,Channel_2,6,2018-04-09T19:47:00.000Z,tag1|tag2,3042709,1145290,1440,349207,https://example.com/thumb.jpg,False,False,False,Descripción del vídeo de muestra.
jetQpQGoCVE,17.27.10,Video RU #040,Channel_12,29,2017-03-20T01:10:00.000Z,tag1|tag2,10577867,731848,25321,130138,https://example.com/thumb.jpg,False,False,False,Descripción del vídeo de muestra.
cQVPrYfUlrr,17.01.03,Video RU #041,Channel_46,22,2017-01-08T11:04:00.000Z,tag1|tag2,2290781,475032,53160,305056,https://example.com/thumb.jpg,False,False,False,Descripción del vídeo de muestra.
OkiSuiwaBsM,18.26.12,Video RU #042,Channel_35,21,2018-04-20T06:48:00.000Z,tag1|tag2,15518018,257793,16657,436525,https://example.com/thumb.jpg,False,False,False,Descripción del vídeo de muestra.
ONuVFFXgmzk,18.03.05,Video RU #043,Channel_31,15,2018-02-19T01:28:00.000Z,tag1|tag2,20785968,1234121,48818,146176,https://example.com/thumb.jpg,False,False,False,Descripción del vídeo de muestra.
THDUrZfgudl,17.01.02,Video RU #044,Channel_31,12,2017-02-06T19:49:00.000Z,tag1|tag2,15627251,1516291,52631,67665,https://example.com/thumb.jpg,False,False,False,Descripción del vídeo de muestra.
AVnfVKUwxNb,18.16.05,Video RU #045,Channel_37,19,2018-03-05T21:54:00.000Z,tag1|tag2,10675963,1384794,97332,461537,https://example.com/thumb.jpg,False,False,False,Descripción del vídeo de muestra.
ifslraekOfH,18.28.06,Video RU #046,Channel_20,8,2018-02-09T01:12:00.000Z,tag1|tag2,44757279,1765367,6570,271779,https://example.com/thumb.jpg,False,False,False,Descripción del vídeo de muestra.
yYtMSheCKnP,18.19.08,Video RU #047,Channel_21,23,2018-08-21T04:16:00.000Z,tag1|tag2,36268695,1660302,14447,310197,https://example.com/thumb.jpg,False,False,False,Descripción del vídeo de muestra.
zwGRkkmiEDs,17.01.12,Video RU #048,Channel_23,28,2017-05-25T17:30:00.000Z,tag1|tag2,41490476,1978102,7592,87494,https://example.com/thumb.jpg,False,False,False,Descripción del vídeo de muestra.
TrAOMBRCYqw,18.23.08,Video RU #049,Channel_31,5,2018-05-14T08:03:00.000Z,tag1|tag2,27197601,1654680,22631,9931,https://example.com/thumb.jpg,False,False,False,Descripción del vídeo de muestra.
iplOTMeEiij,18.16.07,Video RU #050,Channel_23,1,2018-02-22T18:49:00.000Z,tag1|tag2,7182970,1119376,24132,185399,https://example.com/thumb.jpg,False,False,False,Descripción del vídeo de muestra.
vEnjaSiiVeD,18.25.03,Video RU #051,Channel_12,20,2018-02-15T05:35:00.000Z,tag1|tag2,818038,1653683,1862,317948,https://example.com/thumb.jpg,False,False,False,Descripción del vídeo de muestra.
gunRrRYskdR,18.06.07,Video RU #052,Channel_42,2,2018-07-23T14:02:00.000Z,tag1|tag2,1309167,1505028,30456,322687,https://example.com/thumb.jpg,False,False,False,Descripción del vídeo de muestra.
tkGgpyeEtac,17.24.01,Video RU #053,Channel_2,17,2017-01-19T07:15:00.000Z,tag1|tag2,9684562,968633,63781,346045,https://example.com/thumb.jpg,False,False,False,Descripción del vídeo de muestra.
JvRywgoKLsa,17.13.06,Video RU #054,Channel_21,8,2017-03-13T03:59:00.000Z,tag1|tag2,31123339,364780,26299,142779,https://example.com/thumb.jpg,False,False,False,Descripción del vídeo de muestra.
lfZUOfHPnLY,18.15.02,Video RU #055,Channel_20,5,2018-02-22T04:54:00.000Z,tag1|tag2,13475103,1501336,13094,204494,https://example.com/thumb.jpg,False,False,False,Descripción del vídeo de muestra.
xyIusXUNvKP,18.27.05,Video RU #056,Channel_39,10,2018-03-04T23:12:00.000Z,tag1|tag2,12133672,1308942,5998,429781,https://example.com/thumb.jpg,False,False,False,Descripción del vídeo de muestra.
rAwZRzGjpjT,18.26.07,Video RU #057,Channel_19,18,2018-01-16T10:54:00.000Z,tag1|tag2,14759771,934854,40424,140279,https://example.com/thumb.jpg,False,False,False,Descripción del vídeo de muestra.
rOPAunDZiTO,18.25.02,Video RU #058,Channel_24,24,2018-02-06T07:17:00.000Z,tag1|tag2,15175968,794772,99854,72230,https://example.com/thumb.jpg,False,False,False,Descripción del vídeo de muestra.
iAMnHYarArU,18.19.09,Video RU #059,Channel_31,24,2018-01-09T22:29:00.000Z,tag1|tag2,18029598,366703,12076,205399,https://example.com/thumb.jpg,False,False,False,Descripción del vídeo de muestra.
OyeIczHvelA,18.11.04,Video RU #060,Channel_34,9,2018-01-27T01:37:00.000Z,tag1|tag2,18559119,446180,60004,27358,https://example.com/thumb.jpg,False,False,False,Descripción del vídeo de muestra.
HSTnvyJumCQ,18.13.12,Video RU #061,Channel_5,12,2018-02-18T14:53:00.000Z,tag1|tag2,44282899,623717,91064,46180,https://example.com/thumb.jpg,False,False,False,Descripción del vídeo de muestra.
yKDfOqcxRDb,18.24.09,Video RU #062,Channel_16,12,2018-01-02T04:28:00.000Z,tag1|tag2,27691969,1579943,56251,17941,https://example.com/thumb.jpg,False,False,False,Descripción del vídeo de muestra.
wAkuHIbvKUg,18.08.01,Video RU #063,Channel_9,6,2018-01-15T08:58:00.000Z,tag1|tag2,49368006,385638,55232,215621,https://example.com/thumb.jpg,False,False,False,Descripción del vídeo de muestra.
aAAArArFQuN,18.21.10,Video RU #064,Channel_37,14,2018-05-25T02:39:00.000Z,tag1|tag2,13763718,639960,89194,426854,https://example.com/thumb.jpg,False,False,False,Descripción del vídeo de muestra.
zuMqZqbIphR,17.17.12,Video RU #065,Channel_45,15,2017-12-20T16:48:00.000Z,tag1|tag2,3988129,551212,85023,449525,https://example.com/thumb.jpg,False,False,False,Descripción del vídeo de muestra.
LbujddNEYUa,18.25.12,Video RU #066,Channel_13,26,2018-02-18T12:43:00.000Z,tag1|tag2,38987676,1220188,23340,402491,https://example.com/thumb.jpg,False,False,False,Descripción del vídeo de muestra.
DvqTkPyxVav,17.19.11,Video RU #067,Channel_20,20,2017-09-06T15:07:00.000Z,tag1|tag2,17660340,360904,53213,308420,https://example.com/thumb.jpg,False,False,False,Descripción del vídeo de muestra.
BXmTJmqJHKf,18.01.03,Video RU #068,Channel_23,25,2018-01-23T22:37:00.000Z,tag1|tag2,38005484,1281302,54959,236241,https://example.com/thumb.jpg,False,False,False,Descripción del vídeo de muestra.
QwanFiZmVMo,17.20.07,Video RU #069,Channel_16,26,2017-02-03T19:21:00.000Z,tag1|tag2,3694245,1463500,19328,410917,https://example.com/thumb.jpg,False,False,False,Descripción del vídeo de muestra.
SaGXolfTBSN,17.24.08,Video RU #070,Channel_4,4,2017-02-14T15:32:00.000Z,tag1|tag2,25525442,1365179,33208,463175,https://example.com/thumb.jpg,False,False,False,Descripción del vídeo de muestra.
WOfcFiGcTkA,17.17.11,Video RU #071,Channel_35,2,2017-02-11T00:12:00.000Z,tag1|tag2,34784298,1344481,8697,238663,https://example.com/thumb.jpg,False,False,False,Descripción del vídeo de muestra.
CHORRqXIbhA,17.05.07,Video RU #072,Channel_38,11,2017-05-06T19:26:00.000Z,tag1|tag2,37962944,386562,84193,339633,https://example.com/thumb.jpg,False,False,False,Descripción del vídeo de muestra.
aWJLTufPvgC,18.09.11,Video RU #073,Channel_34,5,2018-02-03T13:34:00.000Z,tag1|tag2,1173609,504542,82006,63439,https://example.com/thumb.jpg,False,False,False,Descripción del vídeo de muestra.
UnoqEGjnZJT,18.21.01,Video RU #074,Channel_1,3,2018-01-14T06:43:00.000Z,tag1|tag2,12038509,23968,96540,391817,https://example.com/thumb.jpg,False,False,False,Descripción del vídeo de muestra.
TlFEWilsaCn,18.22.11,Video RU #075,Channel_29,13,2018-03-10T05:42:00.000Z,tag1|tag2,47309133,124309,32858,320339,https://example.com/thumb.jpg,False,False,False,Descripción del vídeo de muestra.
NmqRUqslNnN,18.25.11,Video RU #076,Channel_45,18,2018-08-01T04:58:00.000Z,tag1|tag2,29552091,1657273,48231,408859,https://example.com/thumb.jpg,False,False,False,Descripción del vídeo de muestra.
KRUCgTDZmtW,18.01.11,Video RU #077,Channel_26,14,2018-04-28T12:52:00.000Z,tag1|tag2,10268677,415366,16768,121516,https://example.com/thumb.jpg,False,False,False,Descripción del vídeo de muestra.
OYvEgEDzVUV,18.13.01,Video RU #078,Channel_9,24,2018-01-26T14:38:00.000Z,tag1|tag2,3438844,1996053,33729,98015,https://example.com/thumb.jpg,False,False,False,Descripción del vídeo de muestra.
avdxWEjUtZV,18.06.03,Video RU #079,Channel_39,22,2018-02-19T19:08:00.000Z,tag1|tag2,10406235,1234099,96731,316751,https://example.com/thumb.jpg,False,False,False,Descripción del vídeo de muestra.
AKxjVwpmBcX,17.11.04,Video RU #080,Channel_17,29,2017-04-28T12:35:00.000Z,tag1|tag2,40852773,1706191,32477,50645,https://example.com/thumb.jpg,False,False,False,Descripción del vídeo de muestra.
igaadpHIyuR,18.20.04,Video RU #081,Channel_47,24,2018-02-25T19:05:00.000Z,tag1|tag2,4569028,1662803,40071,389097,https://example.com/thumb.jpg,False,False,False,Descripción del vídeo de muestra.
lgkQzhHCgEC,17.28.01,Video RU #082,Channel_42,11,2017-01-24T18:04:00.000Z,tag1|tag2,45104329,805770,39044,84264,https://example.com/thumb.jpg,False,False,False,Descripción del vídeo de muestra.
hAmRbWZwXfX,17.01.05,Video RU #083,Channel_36,29,2017-03-20T22:41:00.000Z,tag1|tag2,41687100,841284,16497,480419,https://example.com/thumb.jpg,False,False,False,Descripción del vídeo de muestra.
TeImWxvfBDY,17.28.11,Video RU #084,Channel_10,25,2017-06-13T17:08:00.000Z,tag1|tag2,43780644,1920632,96115,337069,https://example.com/thumb.jpg,False,False,False,Descripción del vídeo de muestra.
nKqYIzGSfcz,18.10.01,Video RU #085,Channel_13,21,2018-01-26T09:31:00.000Z,tag1|tag2,11428862,154667,65154,183797,https://example.com/thumb.jpg,False,False,False,Descripción del vídeo de muestra.
IYhrGRFdkzk,17.14.04,Video RU #086,Channel_3,7,2017-01-25T18:48:00.000Z,tag1|tag2,20066559,1535616,24197,425364,https://example.com/thumb.jpg,False,False,False,Descripción del vídeo de muestra.
aowxXvglZVU,18.09.05,Video RU #087,Channel_45,27,2018-04-10T17:38:00.000Z,tag1|tag2,31620427,868253,42220,40459,https://example.com/thumb.jpg,False,False,False,Descripción del vídeo de muestra.
OszmISEeskn,17.21.08,Video RU #088,Channel_39,27,2017-01-23T17:54:00.000Z,tag1|tag2,4974083,1171933,46501,267301,https://example.com/thumb.jpg,False,False,False,Descripción del vídeo de muestra.
MeUxoPutFgu,17.12.06,Video RU #089,Channel_42,16,2017-05-24T02:46:00.000Z,tag1|tag2,31778727,6647,6729,149951,https://example.com/thumb.jpg,False,False,False,Descripción del vídeo de muestra.
UgoaNFPCjPb,17.08.10,Video RU #090,Channel_14,19,2017-01-23T09:20:00.000Z,tag1|tag2,25727123,826556,21113,402723,https://example.com/thumb.jpg,False,False,False,Descripción del vídeo de muestra.
uXGKbxChqFr,17.17.04,Video RU #091,Channel_25,10,2017-03-27T17:35:00.000Z,tag1|tag2,46492634,918146,93068,315236,https://example.com/thumb.jpg,False,False,False,Descripción del vídeo de muestra.
gcjZpSAAcNw,17.24.04,Video RU #092,Channel_3,17,2017-02-11T23:26:00.000Z,tag1|tag2,48357258,1270026,73289,253714,https://example.com/thumb.jpg,False,False,False,Descripción del vídeo de muestra.
FFCLKUoleJV,17.06.10,Video RU #093,Channel_25,13,2017-01-22T22:07:00.000Z,tag1|tag2,6778333,202847,44046,282102,https://example.com/thumb.jpg,False,False,False,Descripción del vídeo de muestra.
PmIfIbZPIia,18.11.09,Video RU #094,Channel_15,20,2018-09-02T10:10:00.000Z,tag1|tag2,31616918,1423121,1018,250086,https://example.com/thumb.jpg,False,False,False,Descripción del vídeo de muestra.
KPSJJhHkxdu,18.12.05,Video RU #095,Channel_5,27,2018-03-10T15:46:00.000Z,tag1|tag2,41495534,1201189,44527,382808,https://example.com/thumb.jpg,False,False,False,Descripción del vídeo de muestra.
uvTjqNtamaM,17.09.10,Video RU #096,Channel_5,24,2017-07-26T15:51:00.000Z,tag1|tag2,35927779,632676,2255,68521,https://example.com/thumb.jpg,False,False,False,Descripción del vídeo de muestra.
uurQucuwacM,18.27.08,Video RU #097,Channel_42,3,2018-08-01T06:58:00.000Z,tag1|tag2,43468049,1329099,56321,139951,https://example.com/thumb.jpg,False,False,False,Descripción del vídeo de muestra.
lcgiPmbsbni,17.18.10,Video RU #098,Channel_13,25,2017-10-04T00:55:00.000Z,tag1|tag2,30924643,1588494,48731,298517,https://example.com/thumb.jpg,False,False,False,Descripción del vídeo de muestra.
HjucLwgYsQz,18.20.12,Video RU #099,Channel_19,22,2018-06-08T03:36:00.000Z,tag1|tag2,21637628,541623,35929,330887,https://example.com/thumb.jpg,False,False,False,Descripción del vídeo de muestra.
oorAgaDLEss,17.11.01,Video RU #100,Channel_14,10,2017-01-24T17:38:00.000Z,tag1|tag2,19041146,1599216,43376,209238,https://example.com/thumb.jpg,False,False,False,Descripción del vídeo de muestra.
hzzqvaYvQRq,18.28.03,Video RU #101,Channel_28,1,2018-01-20T21:23:00.000Z,tag1|tag2,30090944,22988,38940,235857,https://example.com/thumb.jpg,False,False,False,Descripción del vídeo de muestra.
PdAbtkawJHe,17.13.07,Video RU #102,Channel_32,26,2017-01-05T06:22:00.000Z,tag1|tag2,6350811,663770,55575,28795,https://example.com/thumb.jpg,False,False,False,Descripción del vídeo de muestra.
ndmqxnKYMsf,18.15.09,Video RU #103,Channel_21,23,2018-01-12T04:11:00.000Z,tag1|tag2,31425960,1224739,7232,167914,https://example.com/thumb.jpg,False,False,False,Descripción del vídeo de muestra.
BDuYWSvlrUC,18.19.02,Video RU #104,Channel_13,29,2018-01-25T20:59:00.000Z,tag1|tag2,21677115,1497282,79696,259968,https://example.com/thumb.jpg,False,False,False,Descripción del vídeo de muestra.
XtyOYZKSPen,18.22.11,Video RU #105,Channel_1,26,2018-09-15T12:35:00.000Z,tag1|tag2,43159998,211263,73980,97812,https://example.com/thumb.jpg,False,False,False,Descripción del vídeo de muestra.
lShKKlJkZvn,17.20.01,Video RU #106,Channel_12,28,2017-01-14T15:15:00.000Z,tag1|tag2,37675994,1933650,17581,169404,https://example.com/thumb.jpg,False,False,False,Descripción del vídeo de muestra.
GEjiymWiLTH,17.27.03,Video RU #107,Channel_3,5,2017-02-26T14:24:00.000Z,tag1|tag2,16041939,1439668,24002,11872,https://example.com/thumb.jpg,False,False,False,Descripción del vídeo de muestra.
jNjohXzdEhF,17.23.05,Video RU #108,Channel_44,16,2017-01-03T13:39:00.000Z,tag1|tag2,22289838,1720409,42184,452445,https://example.com/thumb.jpg,False,False,False,Descripción del vídeo de muestra.
UcWqDFdClbL,17.27.06,Video RU #109,Channel_26,26,2017-03-23T10:08:00.000Z,tag1|tag2,19132137,516595,28076,353573,https://example.com/thumb.jpg,False,False,False,Descripción del vídeo de muestra.
hgxykdUAXXu,17.25.03,Video RU #110,Channel_20,24,2017-02-21T23:49:00.000Z,tag1|tag2,32137597,60301,58158,2308,https://example.com/thumb.jpg,False,False,False,Descripción del vídeo de muestra.
bFiApGeQHPp,17.12.09,Video RU #111,Channel_4,5,2017-01-08T12:51:00.000Z,tag1|tag2,33339955,567752,2525,354602,https://example.com/thumb.jpg,False,False,False,Descripción del vídeo de muestra.
xhDaWRacKjA,18.26.08,Video RU #112,Channel_23,21,2018-06-17T05:27:00.000Z,tag1|tag2,27131110,1852865,34489,496405,https://example.com/thumb.jpg,False,False,False,Descripción del vídeo de muestra.
qzEfWZKDzDC,18.03.12,Video RU #113,Channel_18,27,2018-05-19T14:17:00.000Z,tag1|tag2,40191631,1656897,10243,135602,https://example.com/thumb.jpg,False,False,False,Descripción del vídeo de muestra.
TFPkQOwlglE,18.19.01,Video RU #114,Channel_25,4,2018-01-27T10:00:00.000Z,tag1|tag2,8825309,212485,20671,377253,https://example.com/thumb.jpg,False,False,False,Descripción del vídeo de muestra.
DrnadJwKViV,17.28.11,Video RU #115,Channel_38,17,2017-02-11T19:18:00.000Z,tag1|tag2,47240886,1920775,39970,492830,https://example.com/thumb.jpg,False,False,False,Descripción del vídeo de muestra.
xAzSOBVgxHH,18.06.05,Video RU #116,Channel_4,11,2018-02-11T12:45:00.000Z,tag1|tag2,44158272,1147419,38127,35833,https://example.com/thumb.jpg,False,False,False,Descripción del vídeo de muestra.
kLDtpMDBTob,18.02.09,Video RU #117,Channel_44,11,2018-07-23T02:46:00.000Z,tag1|tag2,34632130,899380,90106,233190,https://example.com/thumb.jpg,False,False,False,Descripción del vídeo de muestra.
maGViugRdTv,18.25.10,Video RU #118,Channel_25,13,2018-07-07T21:34:00.000Z,tag1|tag2,8935782,16537,13070,220016,https://example.com/thumb.jpg,False,False,False,Descripción del vídeo de muestra.
vozWXqNszfY,18.11.06,Video RU #119,Channel_17,16,2018-06-15T21:32:00.000Z,tag1|tag2,28970792,576872,849,4090,https://example.com/thumb.jpg,False,False,False,Descripción del vídeo de muestra.
QQSpcdtnfjn,17.17.07,Video RU #120,Channel_20,9,2017-04-11T16:50:00.000Z,tag1|tag2,4661123,1615471,67247,309163,https://example.com/thumb.jpg,False,False,False,Descripción del vídeo de muestra.
BVZaORQTLxX,18.01.05,Video RU #121,Channel_27,7,2018-02-26T06:12:00.000Z,tag1|tag2,3108947,1850471,81654,156894,https://example.com/thumb.jpg,False,False,False,Descripción del vídeo de muestra.
jPrcFBbFTMl,18.07.03,Video RU #122,Channel_43,19,2018-03-21T13:03:00.000Z,tag1|tag2,863090,1225488,56888,334980,https://example.com/thumb.jpg,False,False,False,Descripción del vídeo de muestra.
zRrhnkuoaqc,17.16.10,Video RU #123,Channel_14,12,2017-10-16T18:56:00.000Z,tag1|tag2,25393046,1577622,90710,258524,https://example.com/thumb.jpg,False,False,False,Descripción del vídeo de muestra.
XDJUEGChZaL,18.01.09,Video RU #124,Channel_17,9,2018-06-16T20:40:00.000Z,tag1|tag2,9924322,1365561,5905,420680,https://example.com/thumb.jpg,False,False,False,Descripción del vídeo de muestra.
FTyRhlDwxow,17.12.02,Video RU #125,Channel_24,20,2017-01-11T16:17:00.000Z,tag1|tag2,24564844,1990398,15000,344593,https://example.com/thumb.jpg,False,False,False,Descripción del vídeo de muestra.
JLkANgFOBuA,18.17.02,Video RU #126,Channel_18,4,2018-02-24T08:58:00.000Z,tag1|tag2,38339065,882400,20963,128789,https://example.com/thumb.jpg,False,False,False,Descripción del vídeo de muestra.
LtGoxRpAfZk,17.14.03,Video RU #127,Channel_1,13,2017-01-24T20:23:00.000Z,tag1|tag2,27085149,382248,77479,112507,https://example.com/thumb.jpg,False,False,False,Descripción del vídeo de muestra.
ChOUQQDvCRW,17.03.06,Video RU #128,Channel_10,8,2017-05-26T02:29:00.000Z,tag1|tag2,9010211,966042,95118,76213,https://example.com/thumb.jpg,False,False,False,Descripción del vídeo de muestra.
XbhiyRcKPYq,17.16.11,Video RU #129,Channel_18,28,2017-02-15T19:32:00.000Z,tag1|tag2,47997092,1137976,82372,334871,https://example.com/thumb.jpg,False,False,False,Descripción del vídeo de muestra.
EKdPvqkBZTC,18.22.01,Video RU #130,Channel_40,22,2018-01-26T14:28:00.000Z,tag1|tag2,2720365,1768884,59401,393163,https://example.com/thumb.jpg,False,False,False,Descripción del vídeo de muestra.
qFDpAFLuvCA,17.17.08,Video RU #131,Channel_36,17,2017-02-12T18:04:00.000Z,tag1|tag2,29798948,862981,27017,275816,https://example.com/thumb.jpg,False,False,False,Descripción del vídeo de muestra.
hEJjWOFGreT,17.01.03,Video RU #132,Channel_35,4,2017-03-16T12:05:00.000Z,tag1|tag2,10430821,1947992,74427,339735,https://example.com/thumb.jpg,False,False,False,Descripción del vídeo de muestra.
QHzVuNYbgxg,18.26.11,Video RU #133,Channel_31,25,2018-02-17T04:52:00.000Z,tag1|tag2,9897190,1237228,72823,75986,https://example.com/thumb.jpg,False,False,False,Descripción del vídeo de muestra.
KISIFxcLczx,18.20.09,Video RU #134,Channel_40,14,2018-04-08T08:57:00.000Z,tag1|tag2,34850267,1642945,95730,454025,https://example.com/thumb.jpg,False,False,False,Descripción del vídeo de muestra.
PwMNRITfrGJ,17.11.04,Video RU #135,Channel_50,11,2017-03-23T14:00:00.000Z,tag1|tag2,29576443,1418924,4390,187920,https://example.com/thumb.jpg,False,False,False,Descripción del vídeo de muestra.
JMAKoctAkYq,17.03.11,Video RU #136,Channel_20,29,2017-09-16T19:38:00.000Z,tag1|tag2,32490241,1995336,6837,342021,https://example.com/thumb.jpg,False,False,False,Descripción del vídeo de muestra.
cuZfGuWBdbH,17.08.03,Video RU #137,Channel_29,20,2017-03-26T10:54:00.000Z,tag1|tag2,30007979,1128694,7104,458575,https://example.com/thumb.jpg,False,False,False,Descripción del vídeo de muestra.
sAnYDpVZQwS,17.21.04,Video RU #138,Channel_20,27,2017-03-26T20:17:00.000Z,tag1|tag2,1502836,140237,56723,114757,https://example.com/thumb.jpg,False,False,False,Descripción del vídeo de muestra.
ITsXtKiVIIm,17.11.10,Video RU #139,Channel_33,13,2017-08-07T15:32:00.000Z,tag1|tag2,37601454,1624244,97491,109749,https://example.com/thumb.jpg,False,False,False,Descripción del vídeo de muestra.
VIHZljeSMds,17.19.03,Video RU #140,Channel_48,9,2017-01-11T17:23:00.000Z,tag1|tag2,36123978,519917,76525,227443,https://example.com/thumb.jpg,False,False,False,Descripción del vídeo de muestra.
tynjgMDCHVz,18.15.01,Video RU #141,Channel_48,20,2018-01-10T09:50:00.000Z,tag1|tag2,7761115,891649,8441,232210,https://example.com/thumb.jpg,False,False,False,Descripción del vídeo de muestra.
IvCHXUfOpoy,17.01.06,Video RU #142,Channel_45,29,2017-02-06T02:32:00.000Z,tag1|tag2,3980809,1479981,77537,134269,https://example.com/thumb.jpg,False,False,False,Descripción del vídeo de muestra.
ZELgvIZYObh,17.16.12,Video RU #143,Channel_41,12,2017-08-10T00:47:00.000Z,tag1|tag2,2034419,1207151,95259,339090,https://example.com/thumb.jpg,False,False,False,Descripción del vídeo de muestra.
jtxFtvwehqu,18.27.12,Video RU #144,Channel_16,9,2018-03-04T17:57:00.000Z,tag1|tag2,11719968,1702435,4303,70978,https://example.com/thumb.jpg,False,False,False,Descripción del vídeo de muestra.
EcUkwwlvsMe,17.22.03,Video RU #145,Channel_29,20,2017-03-08T08:39:00.000Z,tag1|tag2,4893033,687603,19724,333771,https://example.com/thumb.jpg,False,False,False,Descripción del vídeo de muestra.
bimSdpusThQ,18.27.05,Video RU #146,Channel_4,4,2018-04-04T08:18:00.000Z,tag1|tag2,36932056,805740,32387,257199,https://example.com/thumb.jpg,False,False,False,Descripción del vídeo de muestra.
NMHUGsNHzwS,17.07.07,Video RU #147,Channel_17,26,2017-01-19T18:50:00.000Z,tag1|tag2,6269753,627273,79772,24083,https://example.com/thumb.jpg,False,False,False,Descripción del vídeo de muestra.
PrLYROopJTu,17.28.04,Video RU #148,Channel_10,6,2017-03-01T05:47:00.000Z,tag1|tag2,35848893,1910677,70347,120401,https://example.com/thumb.jpg,False,False,False,Descripción del vídeo de muestra.
WoMKtzEksfK,17.16.05,Video RU #149,Channel_38,15,2017-02-08T02:16:00.000Z,tag1|tag2,35348130,1085350,61252,309644,https://example.com/thumb.jpg,False,False,False,Descripción del vídeo de muestra.
pEowHwAcBtc,18.03.04,Video RU #150,Channel_7,24,2018-02-28T22:00:00.000Z,tag1|tag2,46805433,1124892,63070,128011,https://example.com/thumb.jpg,False,False,False,Descripción del vídeo de muestra.
WnwBifPzCCf,17.07.05,Video RU #151,Channel_40,22,2017-05-03T10:05:00.000Z,tag1|tag2,27255205,1324013,68847,168315,https://example.com/thumb.jpg,False,False,False,Descripción del vídeo de muestra.
cHHaSQImQdW,18.05.05,Video RU #152,Channel_12,23,2018-03-25T14:53:00.000Z,tag1|tag2,49914971,412410,1703,212440,https://example.com/thumb.jpg,False,False,False,Descripción del vídeo de muestra.
wrHXVaqRiMe,17.06.01,Video RU #153,Channel_10,1,2017-01-02T05:32:00.000Z,tag1|tag2,27142910,858436,63066,19724,https://example.com/thumb.jpg,False,False,False,Descripción del vídeo de muestra.
DaZuUkMhhhb,17.03.06,Video RU #154,Channel_21,8,2017-03-11T23:37:00.000Z,tag1|tag2,39450030,274660,24242,349067,https://example.com/thumb.jpg,False,False,False,Descripción del vídeo de muestra.
eIFcdNnplfl,17.12.01,Video RU #155,Channel_12,12,2017-01-05T20:01:00.000Z,tag1|tag2,12232638,1085276,49754,61707,https://example.com/thumb.jpg,False,False,False,Descripción del vídeo de muestra.
RvogpApPFwa,17.08.03,Video RU #156,Channel_17,19,2017-03-20T08:21:00.000Z,tag1|tag2,34409659,902876,56382,101858,https://example.com/thumb.jpg,False,False,False,Descripción del vídeo de muestra.
mNHyVQoDHsG,18.24.03,Video RU #157,Channel_15,12,2018-01-24T18:22:00.000Z,tag1|tag2,27213376,1751784,12173,175931,https://example.com/thumb.jpg,False,False,False,Descripción del vídeo de muestra.
SnNuiOTAGvp,17.13.07,Video RU #158,Channel_18,16,2017-03-27T10:36:00.000Z,tag1|tag2,24844974,460644,32764,212480,https://example.com/thumb.jpg,False,False,False,Descripción del vídeo de muestra.
NwqmkEJWgGN,18.10.03,Video RU #159,Channel_36,29,2018-02-25T08:59:00.000Z,tag1|tag2,22805534,1569538,32847,81290,https://example.com/thumb.jpg,False,False,False,Descripción del vídeo de muestra.
preHSKvkGWq,18.23.04,Video RU #160,Channel_14,22,2018-04-16T18:09:00.000Z,tag1|tag2,19284688,862560,71996,172740,https://example.com/thumb.jpg,False,False,False,Descripción del vídeo de muestra.
LhDEmFUCIvs,18.22.04,Video RU #161,Channel_15,22,2018-01-14T03:25:00.000Z,tag1|tag2,33610677,175697,13404,206886,https://example.com/thumb.jpg,False,False,False,Descripción del vídeo de muestra.
zkgdJOOXoFQ,17.15.12,Video RU #162,Channel_36,29,2017-02-01T07:01:00.000Z,tag1|tag2,47803225,41053,72967,470386,https://example.com/thumb.jpg,False,False,False,Descripción del vídeo de muestra.
ggoOEpOuqoh,17.24.07,Video RU #163,Channel_38,27,2017-03-19T06:07:00.000Z,tag1|tag2,42518814,345871,51034,442185,https://example.com/thumb.jpg,False,False,False,Descripción del vídeo de muestra.
fhWSEUauDAI,18.25.06,Video RU #164,Channel_43,4,2018-04-07T06:38:00.000Z,tag1|tag2,12231739,1347436,54312,368820,https://example.com/thumb.jpg,False,False,False,Descripción del vídeo de muestra.
vZbJCllffui,18.10.12,Video RU #165,Channel_50,19,2018-10-15T02:39:00.000Z,tag1|tag2,1898171,239212,52706,407384,https://example.com/thumb.jpg,False,False,False,Descripción del vídeo de muestra.
NelooyIRIkJ,17.20.10,Video RU #166,Channel_35,26,2017-05-24T18:02:00.000Z,tag1|tag2,6787117,591236,6075,433312,https://example.com/thumb.jpg,False,False,False,Descripción del vídeo de muestra.
FbZVeuYEKIe,18.24.02,Video RU #167,Channel_2,2,2018-01-03T13:31:00.000Z,tag1|tag2,20957801,1377061,21274,469020,https://example.com/thumb.jpg,False,False,False,Descripción del vídeo de muestra.
vgVZMdGcpgR,17.17.03,Video RU #168,Channel_13,9,2017-03-27T13:54:00.000Z,tag1|tag2,33734900,1878619,97449,490465,https://example.com/thumb.jpg,False,False,False,Descripción del vídeo de muestra.
qddyZfRWfVt,18.18.05,Video RU #169,Channel_6,11,2018-03-05T01:13:00.000Z,tag1|tag2,32299327,208370,92098,463844,https://example.com/thumb.jpg,False,False,False,Descripción del vídeo de muestra.
EqSahVIaYBP,17.04.08,Video RU #170,Channel_6,10,2017-04-05T22:06:00.000Z,tag1|tag2,6225065,251045,17469,441102,https://example.com/thumb.jpg,False,False,False,Descripción del vídeo de muestra.
KOFYyAzpwFm,18.10.11,Video RU #171,Channel_6,2,2018-06-05T15:59:00.000Z,tag1|tag2,42808557,1048143,39639,322762,https://example.com/thumb.jpg,False,False,False,Descripción del vídeo de muestra.
iHgocKerrvI,17.13.11,Video RU #172,Channel_43,6,2017-02-26T18:18:00.000Z,tag1|tag2,26124213,140312,53383,287740,https://example.com/thumb.jpg,False,False,False,Descripción del vídeo de muestra.
IMUaGoLdKEF,18.11.06,Video RU #173,Channel_40,9,2018-02-11T05:48:00.000Z,tag1|tag2,34986633,1103497,47140,223804,https://example.com/thumb.jpg,False,False,False,Descripción del vídeo de muestra.
ZbfZKrxWVks,18.10.10,Video RU #174,Channel_33,10,2018-09-19T19:14:00.000Z,tag1|tag2,9824040,1787223,24247,235514,https://example.com/thumb.jpg,False,False,False,Descripción del vídeo de muestra.
HvbtabcpZVf,17.05.08,Video RU #175,Channel_15,1,2017-07-13T04:48:00.000Z,tag1|tag2,25422053,1068962,85071,221214,https://example.com/thumb.jpg,False,False,False,Descripción del vídeo de muestra.
aYYvCdoYNzB,17.02.05,Video RU #176,Channel_1,16,2017-05-15T03:56:00.000Z,tag1|tag2,27406514,354371,25288,263431,https://example.com/thumb.jpg,False,False,False,Descripción del vídeo de muestra.
CjCoByTBsFE,17.12.02,Video RU #177,Channel_3,1,2017-01-05T07:09:00.000Z,tag1|tag2,18365320,194503,5213,381285,https://example.com/thumb.jpg,False,False,False,Descripción del vídeo de muestra.
OKWsbSOkYXW,18.20.08,Video RU #178,Channel_11,25,2018-02-08T11:56:00.000Z,tag1|tag2,43209623,1113775,77701,69313,https://example.com/thumb.jpg,False,False,False,Descripción del vídeo de muestra.
IXCcNBbWadU,17.10.07,Video RU #179,Channel_7,20,2017-01-21T22:59:00.000Z,tag1|tag2,19357115,1909478,93461,495020,https://example.com/thumb.jpg,False,False,False,Descripción del vídeo de muestra.
NOAVWnyvxMG,18.10.04,Video RU #180,Channel_36,2,2018-01-20T10:55:00.000Z,tag1|tag2,11813256,179263,84190,267855,https://example.com/thumb.jpg,False,False,False,Descripción del vídeo de muestra.
ZDKbZyEghlI,17.13.01,Video RU #181,Channel_47,29,2017-01-25T11:31:00.000Z,tag1|tag2,48282790,933462,32944,488697,https://example.com/thumb.jpg,False,False,False,Descripción del vídeo de muestra.
QCXVOEpNCoD,17.13.12,Video RU #182,Channel_48,1,2017-10-19T00:20:00.000Z,tag1|tag2,28175449,1265043,56451,297477,https://example.com/thumb.jpg,False,False,False,Descripción del vídeo de muestra.
PwtLuvmxoxc,17.10.12,Video RU #183,Channel_26,11,2017-06-05T16:38:00.000Z,tag1|tag2,9707074,932469,54412,49381,https://example.com/thumb.jpg,False,False,False,Descripción del vídeo de muestra.
UdsHAkLGiFu,17.22.07,Video RU #184,Channel_18,10,2017-05-03T09:37:00.000Z,tag1|tag2,30908801,1623927,65491,451220,https://example.com/thumb.jpg,False,False,False,Descripción del vídeo de muestra.
jMUjpabeKqL,17.26.06,Video RU #185,Channel_22,8,2017-01-18T09:43:00.000Z,tag1|tag2,26780821,1260030,14257,172271,https://example.com/thumb.jpg,False,False,False,Descripción del vídeo de muestra.
bjzQaotdZlI,18.15.06,Video RU #186,Channel_40,26,2018-03-28T18:59:00.000Z,tag1|tag2,22728575,1417954,78714,153128,https://example.com/thumb.jpg,False,False,False,Descripción del vídeo de muestra.
VhucbRFuVJF,18.08.03,Video RU #187,Channel_29,6,2018-01-11T20:34:00.000Z,tag1|tag2,6707787,1018900,38830,499243,https://example.com/thumb.jpg,False,False,False,Descripción del vídeo de muestra.
vCNVsmjvFyZ,17.05.10,Video RU #188,Channel_1,13,2017-03-01T09:05:00.000Z,tag1|tag2,14900573,265664,46624,394515,https://example.com/thumb.jpg,False,False,False,Descripción del vídeo de muestra.
cBWsjceEfmm,17.04.04,Video RU #189,Channel_24,20,2017-02-19T05:32:00.000Z,tag1|tag2,15195995,1027365,79293,255940,https://example.com/thumb.jpg,False,False,False,Descripción del vídeo de muestra.
jErfhRtLozA,17.02.10,Video RU #190,Channel_24,12,2017-01-02T20:01:00.000Z,tag1|tag2,40295327,649238,422,381706,https://example.com/thumb.jpg,False,False,False,Descripción del vídeo de muestra.
PrPlMeuGyON,18.20.10,Video RU #191,Channel_19,11,2018-03-08T00:18:00.000Z,tag1|tag2,25339604,608388,57914,385283,https://example.com/thumb.jpg,False,False,False,Descripción del vídeo de muestra.
FXsJKfexzYK,18.15.04,Video RU #192,Channel_22,2,2018-01-26T23:07:00.000Z,tag1|tag2,23175771,371766,86454,247403,https://example.com/thumb.jpg,False,False,False,Descripción del vídeo de muestra.
CQHycIPGimJ,18.05.02,Video RU #193,Channel_26,16,2018-01-26T18:10:00.000Z,tag1|tag2,42064415,1148340,89196,486704,https://example.com/thumb.jpg,False,False,False,Descripción del vídeo de muestra.
rhkzCEdhQAo,18.13.01,Video RU #194,Channel_33,12,2018-01-21T13:13:00.000Z,tag1|tag2,27838778,463779,65371,44429,https://example.com/thumb.jpg,False,False,False,Descripción del vídeo de muestra.
bbMxrVDBVhm,17.28.05,Video RU #195,Channel_45,3,2017-02-20T09:12:00.000Z,tag1|tag2,13953552,301314,34133,229799,https://example.com/thumb.jpg,False,False,False,Descripción del vídeo de muestra.
FgyYLfIkJvD,18.22.10,Video RU #196,Channel_22,29,2018-09-28T12:24:00.000Z,tag1|tag2,14163618,1929016,68754,73617,https://example.com/thumb.jpg,False,False,False,Descripción del vídeo de muestra.
usKujxPlUdh,17.04.02,Video RU #197,Channel_12,9,2017-02-22T00:52:00.000Z,tag1|tag2,21251211,1978755,45375,116161,https://example.com/thumb.jpg,False,False,False,Descripción del vídeo de muestra.
WuyvBAEioPo,17.27.08,Video RU #198,Channel_24,27,2017-06-22T12:20:00.000Z,tag1|tag2,8124118,46466,40316,213778,https://example.com/thumb.jpg,False,False,False,Descripción del vídeo de muestra.
vtWShITNNTK,17.01.06,Video RU #199,Channel_12,20,2017-04-19T04:36:00.000Z,tag1|tag2,15580000,1552253,41987,368630,https://example.com/thumb.jpg,False,False,False,Descripción del vídeo de muestra.
